param1,param2,best_value1,best_value2,best_score,sample_size,variance,interaction_strength
num_encoder_layers,label_smoothing,2.0,0.2,0.949845736381568,1.0,0.08202739029616099,0.07791336693931532
num_encoder_layers,weight_decay,2.0,0.0,0.9489519508571009,2.0,0.0795709154103264,0.0755089754101146
weight_decay,label_smoothing,0.0,0.2,0.9506046054029925,3.0,0.06835810516204029,0.06498152958365758
focal_gamma,l1_lambda,2.0,1e-05,0.945747902605456,1.0,0.06750093150600464,0.06383886439571844
dropout_rate,weight_decay,0.2,0.0,0.9405278437828205,5.0,0.06720407308967805,0.06320730195645796
model_dim,learning_rate,512.0,0.0001,0.9496488020019751,2.0,0.06565919408328748,0.062353175001609126
learning_rate,optimizer,0.0001,adamw,0.9493248202276746,6.0,0.0640749185965978,0.060827910577818084
optimizer,weight_decay,adam,0.0,0.9450292408008087,2.0,0.0639999800822411,0.06048185258838719
norm_first,label_smoothing,True,0.01,0.9216905298130708,4.0,0.06319484737287705,0.05824609235656319
focal_gamma,label_smoothing,1.0,0.05,0.9508112608678128,1.0,0.06035549073984292,0.057386680250645646
learning_rate,weight_decay,1e-05,0.0,0.9458988528367135,5.0,0.059147278116209616,0.055947342518536725
num_encoder_layers,focal_gamma,2.0,3.0,0.948058165332634,1.0,0.054194544515471135,0.05137958044437533
num_heads,learning_rate,2.0,0.0001,0.953121965897943,2.0,0.05344535792907459,0.050939944617478784
num_heads,focal_gamma,16.0,3.0,0.950236672302301,1.0,0.05248790876814294,0.049875935763946916
model_dim,weight_decay,512.0,0.0,0.9470340085124596,6.0,0.05263936715476743,0.0498512708821385
learning_rate,label_smoothing,0.0001,0.1,0.9504246448861542,2.0,0.04866986052006674,0.04625703490144309
num_heads,batch_size,4.0,128.0,0.9438649330758772,1.0,0.04849665025536048,0.04577428754768004
weight_decay,l1_lambda,0.0,1e-05,0.9408010684517141,2.0,0.04769529685335012,0.044871786239753464
learning_rate,focal_gamma,0.0001,1.0,0.9508112608678128,1.0,0.0453395509021061,0.04310935556041188
num_encoder_layers,optimizer,1,adamw,0.9446244254202707,6.0,0.044589089066355246,0.0421199426393191
batch_size,weight_decay,256.0,0.0,0.9369996383033977,3.0,0.04374181723484823,0.04098606692778612
norm_first,weight_decay,True,0.0,0.9441580311806876,6.0,0.04331387146977318,0.04089513960971441
lr_scheduler,weight_decay,CosineAnnealingLR,0.0,0.9424787524355662,4.0,0.04243663215707703,0.03999562413296899
optimizer,label_smoothing,adamw,0.2,0.9474133134373739,4.0,0.041419286976686974,0.039241183914796474
learning_rate,dropout_rate,0.0001,0.3,0.947338096971845,2.0,0.04097739777854665,0.03881945003038669
pooling_type,weight_decay,mean,0.0,0.9374324153305269,2.0,0.040284182976804764,0.037763698947562985
learning_rate,l1_lambda,0.0001,0.0001,0.9475823712725565,4.0,0.038201638153786584,0.036199198868261256
batch_size,optimizer,64,adamw,0.9474849720481318,5.0,0.038146124688668404,0.03614287988438753
num_encoder_layers,learning_rate,1.0,0.001,0.9567318908005292,1.0,0.03736256060618595,0.03574595325390565
optimizer,l1_lambda,adamw,1e-05,0.9470521959208872,9.0,0.03730453044140993,0.03532933747233486
activation,weight_decay,relu,0.0,0.9406883731202781,7.0,0.03710493200590155,0.034904178123370065
dropout_rate,focal_gamma,0.1,3.0,0.9445889876941036,1.0,0.036213132225087326,0.03420652590972796
num_encoder_layers,num_heads,2.0,8.0,0.9489519508571009,2.0,0.035886919497957165,0.03405496226783818
num_heads,weight_decay,8.0,0.0,0.9452511091983332,5.0,0.035940067181941183,0.03397238836839252
num_encoder_layers,dropout_rate,5.0,0.2,0.9505902867667646,2.0,0.03520275507461243,0.03346339704135601
batch_size,focal_gamma,64.0,2.0,0.9523090338628551,1.0,0.03390383281469264,0.032286926272007715
batch_size,label_smoothing,128.0,0.2,0.9491007009757704,4.0,0.033549501030154985,0.031841854945107426
focal_gamma,optimizer,1,adamw,0.9477808456116655,6.0,0.03329136681030719,0.031552919787041084
focal_gamma,weight_decay,0.0,0.0,0.942909495810969,1.0,0.03313342976488243,0.031241825554093442
norm_first,optimizer,True,adamw,0.9420265200789866,10.0,0.03250645206921971,0.030621939922881418
optimizer,lr_scheduler,adamw,CosineAnnealingLR,0.9466089946921664,13.0,0.0317110809144034,0.03001799442498535
dropout_rate,label_smoothing,0.3,0.05,0.9508112608678128,1.0,0.031486590356824225,0.029937804677600356
model_dim,optimizer,512,adamw,0.9470326917264931,10.0,0.03058092512834083,0.028961135839778968
model_dim,label_smoothing,256.0,0.01,0.9501867653477486,1.0,0.030464277840943226,0.028946753620340937
batch_size,lr_scheduler,256,ReduceLROnPlateau,0.8343747420064815,10.0,0.03466705835024467,0.028925317867109036
num_heads,optimizer,4,adamw,0.9419014650164028,5.0,0.029860307738614526,0.028125467604841654
pooling_type,optimizer,mean,adamw,0.923764338014901,10.0,0.030184257811224694,0.027883140935457084
activation,optimizer,relu,adamw,0.9423328855677537,14.0,0.029450428238985044,0.027752107023648838
dropout_rate,optimizer,0.1,adamw,0.9450028032691694,2.0,0.028876275147871073,0.027288160962710015
num_encoder_layers,l1_lambda,2.0,0.0,0.9489519508571009,2.0,0.028263490108756454,0.026820694076734812
focal_gamma,lr_scheduler,2,CosineAnnealingLR,0.9287270430613496,3.0,0.027868780618965607,0.025882490217977377
num_heads,label_smoothing,4.0,0.2,0.9523090338628551,1.0,0.025925870987921408,0.024689441152560464
batch_size,learning_rate,128.0,0.0001,0.9438649330758772,1.0,0.02607309303024282,0.02460947820807126
model_dim,num_encoder_layers,512.0,4.0,0.9408524182501834,2.0,0.025846529402080525,0.02431776969132193
num_encoder_layers,batch_size,1.0,128.0,0.9438649330758772,1.0,0.025423255692985283,0.023996119533230467
learning_rate,activation,1e-05,relu,0.9256099640427942,6.0,0.025888627290931446,0.023962771375876355
label_smoothing,l1_lambda,0.0,1e-05,0.954896502120831,1.0,0.02427553800196564,0.023180626325178293
model_dim,focal_gamma,512.0,3.0,0.9472794717499485,6.0,0.023053838739866963,0.021838428183309676
batch_size,dropout_rate,128.0,0.3,0.9413301368826376,2.0,0.02278998297714381,0.021452897795427764
model_dim,dropout_rate,512.0,0.2,0.9490505008202592,6.0,0.02125797783028836,0.020174894506261136
norm_first,focal_gamma,False,2,0.9098831790744247,6.0,0.022039686686798666,0.020053540188388647
pooling_type,focal_gamma,mean,3,0.94437148344042,4.0,0.02054840965809492,0.019405332111156554
num_heads,dropout_rate,4.0,0.2,0.9523090338628551,1.0,0.020334394698923685,0.01936462776991798
activation,focal_gamma,relu,2,0.91435351316049,7.0,0.019775297398194152,0.01808161264983232
model_dim,batch_size,128.0,128.0,0.9223671000668991,3.0,0.019339635145828392,0.017838243185809614
batch_size,l1_lambda,256.0,0.0001,0.8989988849102932,4.0,0.01953396145430708,0.017561009565302717
num_encoder_layers,activation,4,relu,0.9260107938063847,4.0,0.018548847213211053,0.017176432732098915
model_dim,l1_lambda,512.0,0.0,0.9488574055469778,4.0,0.018025874484994972,0.017103984496547795
learning_rate,norm_first,1e-05,False,0.8920833226729085,7.0,0.018545997174313406,0.016544574781543874
batch_size,activation,128,relu,0.8647717386397169,10.0,0.01883267338672543,0.016285963707872476
learning_rate,pooling_type,0.0001,cls,0.9009978524304341,3.0,0.01763747070496017,0.015891323227473806
num_encoder_layers,norm_first,4,True,0.9348106322465765,2.0,0.0166737983841479,0.015586844009437245
activation,label_smoothing,gelu,0.05,0.9449623568435263,3.0,0.01645081971707094,0.015545405371851307
num_encoder_layers,pooling_type,1,cls,0.9333631454975839,2.0,0.016522332485855683,0.015421336219955175
norm_first,l1_lambda,False,0.0001,0.9389791880435463,6.0,0.016099527827193774,0.015117121567062889
model_dim,norm_first,128,False,0.8458107410003821,10.0,0.016389655322857032,0.013862546513366563
dropout_rate,l1_lambda,0.3,1e-05,0.9074450920796344,4.0,0.014735166381012488,0.013371354413426611
lr_scheduler,label_smoothing,ReduceLROnPlateau,0.01,0.9294017640387507,3.0,0.014286844096439575,0.013278218105777553
pooling_type,label_smoothing,cls,0.05,0.9310491459491822,2.0,0.01418771099331809,0.013209456203302631
dropout_rate,lr_scheduler,0.2,CosineAnnealingLR,0.9398387579246458,6.0,0.01347971414791298,0.01266875780195381
dropout_rate,activation,0.3,relu,0.9403515001691338,6.0,0.013061693342936774,0.012282582929779783
batch_size,pooling_type,256,cls,0.8648517590529248,11.0,0.014096183614984697,0.012191109195352531
norm_first,lr_scheduler,False,CosineAnnealingLR,0.9144623177177204,13.0,0.013321861268088223,0.012182340131529886
batch_size,norm_first,256,False,0.8950599076822338,12.0,0.013349302870668859,0.011948425795043047
dropout_rate,pooling_type,0.3,mean,0.8813648177180389,7.0,0.013361025292866159,0.011775937621773088
num_encoder_layers,lr_scheduler,2,CosineAnnealingLR,0.949845736381568,1.0,0.012005357732695314,0.011403237856136133
activation,l1_lambda,relu,0.0001,0.9200529149104267,6.0,0.011755042090399603,0.01081526074016691
model_dim,pooling_type,128,cls,0.9325037577993528,4.0,0.011548384506060492,0.010768911948413232
num_heads,l1_lambda,4.0,0.0001,0.9471968619276558,3.0,0.011131155238167252,0.01054339531122161
pooling_type,l1_lambda,mean,0.0001,0.8867920627892738,7.0,0.011882326525757072,0.010537152850511818
model_dim,num_heads,128.0,2.0,0.9187838166223531,3.0,0.011392001000894138,0.010466786158567182
learning_rate,lr_scheduler,1e-06,CosineAnnealingLR,0.9012708662480547,6.0,0.011133268407735509,0.010034090462011883
num_heads,lr_scheduler,2,CosineAnnealingLR,0.9383285372774584,6.0,0.010218840112057195,0.009588629295018846
num_heads,pooling_type,2,mean,0.9297678689949657,4.0,0.010217493993434228,0.009499897616744205
lr_scheduler,l1_lambda,CosineAnnealingLR,0.0,0.900724589192682,9.0,0.009596471520814612,0.008643777868285013
dropout_rate,norm_first,0.3,False,0.8873343903294901,8.0,0.009716680149061397,0.008621944456094054
model_dim,activation,512,relu,0.871829707997894,12.0,0.009439244623389253,0.008229413883730144
activation,pooling_type,relu,cls,0.8561047907091536,13.0,0.007958773375149426,0.006813544014633883
pooling_type,lr_scheduler,cls,CosineAnnealingLR,0.8496583883719814,11.0,0.005810214114344447,0.004936697160490043
model_dim,lr_scheduler,512,CosineAnnealingLR,0.8201654631154267,9.0,0.0054250601765895405,0.0044494469921616195
num_heads,norm_first,2,True,0.8372098459132955,6.0,0.005291051831366447,0.0044297206884575625
num_heads,activation,4,gelu,0.8935630956617959,2.0,0.0038059573406869626,0.003400863023300979
activation,lr_scheduler,gelu,CosineAnnealingLR,0.8256551775842337,12.0,0.0037535232749204583,0.0030991159261210053
norm_first,pooling_type,False,cls,0.8101171262196519,11.0,0.0036054540354611224,0.0029208400619248117
activation,norm_first,gelu,False,0.8174866178011225,12.0,0.0019299644462188138,0.0015777201076158346
